company,career_page_url,ats_type,slug,enabled,keyword_filter,department_filter,tier,last_fetch_status
LGC Group,https://jobs.smartrecruiters.com/LGCGroup,smartrecruiters,LGCGroup,TRUE,,,1,verified
Wabtec,https://jobs.smartrecruiters.com/Wabtec,smartrecruiters,Wabtec,TRUE,,,1,verified
Intuitive,https://jobs.smartrecruiters.com/Intuitive,smartrecruiters,Intuitive,TRUE,,,1,verified
ProSidian Consulting,https://jobs.smartrecruiters.com/prosidianconsulting,smartrecruiters,prosidianconsulting,TRUE,,,2,verified
ASSYSTEM,https://jobs.smartrecruiters.com/ASSYSTEM,smartrecruiters,ASSYSTEM,TRUE,,,1,verified
AWI Engineering,https://jobs.smartrecruiters.com/AWIEngineering,smartrecruiters,AWIEngineering,TRUE,,,1,verified
Tower International,https://jobs.smartrecruiters.com/TowerInternational,smartrecruiters,TowerInternational,TRUE,,,1,verified
Fortune Brands,https://jobs.smartrecruiters.com/FortuneBrands,smartrecruiters,FortuneBrands,TRUE,,,1,verified
EAD,https://jobs.smartrecruiters.com/EAD,smartrecruiters,EAD,TRUE,,,1,verified
The Charles River Group,https://jobs.smartrecruiters.com/TheCharlesRiverGroup,smartrecruiters,TheCharlesRiverGroup,TRUE,,,2,verified
CRB,https://jobs.smartrecruiters.com/CRB,smartrecruiters,CRB,TRUE,,,1,verified
NBCUniversal,https://jobs.smartrecruiters.com/NBCUniversal3,smartrecruiters,NBCUniversal3,TRUE,,,2,verified
CERN,https://jobs.smartrecruiters.com/CERN,smartrecruiters,CERN,TRUE,,,1,verified
Lopez Associates,https://jobs.smartrecruiters.com/LopezAssociates,smartrecruiters,LopezAssociates,TRUE,,,2,verified
Rovedana,https://jobs.smartrecruiters.com/Rovedana,smartrecruiters,Rovedana,TRUE,,,2,verified
LLNL,https://jobs.smartrecruiters.com/LLNL,smartrecruiters,LLNL,TRUE,,,1,verified
CSS Staffing Solutions,https://jobs.smartrecruiters.com/CSSStaffingSolutions,smartrecruiters,CSSStaffingSolutions,TRUE,,,2,verified
Tier Sixteen,https://jobs.smartrecruiters.com/TierSixteen,smartrecruiters,TierSixteen,TRUE,,,1,verified
Mackenzie Search Group,https://jobs.smartrecruiters.com/MackenzieSearchGroup,smartrecruiters,MackenzieSearchGroup,TRUE,,,2,verified
Senior Plc,https://jobs.smartrecruiters.com/SeniorPlc1,smartrecruiters,SeniorPlc1,TRUE,,,1,verified
Bosch Group,https://jobs.smartrecruiters.com/BoschGroup,smartrecruiters,BoschGroup,TRUE,,,1,verified
Bosch USA,https://jobs.smartrecruiters.com/BoschUSA,smartrecruiters,BoschUSA,TRUE,,,1,verified_empty
Bosch,https://jobs.smartrecruiters.com/Bosch,smartrecruiters,Bosch,TRUE,,,1,verified_empty
Visa,https://jobs.smartrecruiters.com/Visa,smartrecruiters,Visa,TRUE,,,2,verified
Square,https://jobs.smartrecruiters.com/Square,smartrecruiters,Square,TRUE,,,3,verified_empty
Block,https://jobs.smartrecruiters.com/Block,smartrecruiters,Block,TRUE,,,3,verified_empty
Accor Hotel,https://jobs.smartrecruiters.com/AccorHotel,smartrecruiters,AccorHotel,TRUE,,,3,verified
Sportradar,https://jobs.smartrecruiters.com/Sportradar,smartrecruiters,Sportradar,TRUE,,,2,verified
NielsenIQ,https://jobs.smartrecruiters.com/NielsenIQ,smartrecruiters,NielsenIQ,TRUE,,,2,verified
ServiceNow,https://jobs.smartrecruiters.com/ServiceNow,smartrecruiters,ServiceNow,TRUE,,,2,verified
Avaloq,https://jobs.smartrecruiters.com/Avaloq,smartrecruiters,Avaloq,TRUE,,,3,verified_empty
Ubisoft,https://jobs.smartrecruiters.com/Ubisoft2,smartrecruiters,Ubisoft2,TRUE,,,3,verified
TOMRA,https://jobs.smartrecruiters.com/Tomra,smartrecruiters,Tomra,TRUE,,,1,verified
Danfoss,https://jobs.smartrecruiters.com/Danfoss,smartrecruiters,Danfoss,TRUE,,,1,verified_empty
Continental,https://jobs.smartrecruiters.com/Continental,smartrecruiters,Continental,TRUE,,,1,verified
Sika,https://jobs.smartrecruiters.com/Sika,smartrecruiters,Sika,TRUE,,,1,verified_empty
AFRY,https://jobs.smartrecruiters.com/AFRY,smartrecruiters,AFRY,TRUE,,,1,verified
ALTEN,https://jobs.smartrecruiters.com/ALTEN,smartrecruiters,ALTEN,TRUE,,,1,verified
SEGULA Technologies,https://jobs.smartrecruiters.com/SEGULATechnologies,smartrecruiters,SEGULATechnologies,TRUE,,,1,verified
Avery Dennison,https://jobs.smartrecruiters.com/AveryDennison,smartrecruiters,AveryDennison,TRUE,,,1,verified
Publicis Groupe,https://jobs.smartrecruiters.com/PublicisGroupe,smartrecruiters,PublicisGroupe,TRUE,,,3,verified_empty
Western Digital,https://jobs.smartrecruiters.com/WesternDigital,smartrecruiters,WesternDigital,TRUE,,,1,verified
Dynatrace,https://jobs.smartrecruiters.com/Dynatrace,smartrecruiters,Dynatrace,TRUE,,,3,verified_empty
Renesas Electronics,https://jobs.smartrecruiters.com/RenesasElectronics,smartrecruiters,RenesasElectronics,TRUE,,,1,verified
Eurofins,https://jobs.smartrecruiters.com/Eurofins,smartrecruiters,Eurofins,TRUE,,,2,verified
HMSHost,https://jobs.smartrecruiters.com/HMSHost,smartrecruiters,HMSHost,TRUE,,,3,verified_empty
Veolia,https://jobs.smartrecruiters.com/Veolia,smartrecruiters,Veolia,TRUE,,,1,verified_empty
Turner Townsend,https://jobs.smartrecruiters.com/TurnerTownsend,smartrecruiters,TurnerTownsend,TRUE,,,2,verified
AECOM,https://jobs.smartrecruiters.com/AECOM,smartrecruiters,AECOM,TRUE,,,1,verified_empty
Sopra Steria,https://jobs.smartrecruiters.com/SopraSteria,smartrecruiters,SopraSteria,TRUE,,,2,verified_empty
Devoteam,https://jobs.smartrecruiters.com/Devoteam,smartrecruiters,Devoteam,TRUE,,,2,verified
O-I,https://jobs.smartrecruiters.com/O-I,smartrecruiters,O-I,TRUE,,,1,verified
Mirantis,https://jobs.smartrecruiters.com/Mirantis,smartrecruiters,Mirantis,TRUE,,,2,verified
QAD,https://jobs.smartrecruiters.com/QAD,smartrecruiters,QAD,TRUE,,,3,verified_empty
Snowflake,https://jobs.smartrecruiters.com/Snowflake,smartrecruiters,Snowflake,TRUE,,,3,verified_empty
Cint,https://jobs.smartrecruiters.com/Cint,smartrecruiters,Cint,TRUE,,,2,verified
Tradeshift,https://jobs.smartrecruiters.com/Tradeshift,smartrecruiters,Tradeshift,TRUE,,,3,verified_empty
MicroStrategy,https://jobs.smartrecruiters.com/MicroStrategy,smartrecruiters,MicroStrategy,TRUE,,,3,verified_empty
NXP,https://jobs.smartrecruiters.com/NXP,smartrecruiters,NXP,TRUE,,,1,verified_empty
Coupang,https://jobs.smartrecruiters.com/Coupang,smartrecruiters,Coupang,TRUE,,,3,verified_empty
McDonalds Corporation,https://jobs.smartrecruiters.com/McDonaldsCorporation,smartrecruiters,McDonaldsCorporation,TRUE,,,3,verified
JYSK,https://jobs.smartrecruiters.com/JYSK,smartrecruiters,JYSK,TRUE,,,3,verified
Abercrombie And Fitch,https://jobs.smartrecruiters.com/AbercrombieAndFitchCo,smartrecruiters,AbercrombieAndFitchCo,TRUE,,,3,verified
SmartRecruiters,https://jobs.smartrecruiters.com/SmartRecruiters,smartrecruiters,SmartRecruiters,TRUE,,,3,verified
EcoVadis,https://jobs.smartrecruiters.com/EcoVadis,smartrecruiters,EcoVadis,TRUE,,,2,verified
Delivery Hero,https://jobs.smartrecruiters.com/DeliveryHero,smartrecruiters,DeliveryHero,TRUE,,,3,verified
HelloFresh,https://jobs.smartrecruiters.com/HelloFresh,smartrecruiters,HelloFresh,TRUE,,,3,verified_empty
N26,https://jobs.smartrecruiters.com/N26,smartrecruiters,N26,TRUE,,,3,verified_empty
AUTO1 Group,https://jobs.smartrecruiters.com/AUTO1Group,smartrecruiters,AUTO1Group,TRUE,,,3,verified_empty
Wolt,https://jobs.smartrecruiters.com/Wolt,smartrecruiters,Wolt,TRUE,,,3,verified_empty
Wise,https://jobs.smartrecruiters.com/Wise,smartrecruiters,Wise,TRUE,,,3,verified
Checkout.com,https://jobs.smartrecruiters.com/Checkoutcom,smartrecruiters,Checkoutcom,TRUE,,,3,verified_empty
Bolt,https://jobs.smartrecruiters.com/Bolt,smartrecruiters,Bolt,TRUE,,,3,verified_empty
Nexthink,https://jobs.smartrecruiters.com/Nexthink,smartrecruiters,Nexthink,TRUE,,,2,verified
Contentsquare,https://jobs.smartrecruiters.com/Contentsquare,smartrecruiters,Contentsquare,TRUE,,,3,verified_empty
insightsoftware,https://jobs.smartrecruiters.com/insightsoftware,smartrecruiters,insightsoftware,TRUE,,,2,verified
InPost,https://jobs.smartrecruiters.com/InPost,smartrecruiters,InPost,TRUE,,,2,verified
Volocopter,https://jobs.smartrecruiters.com/Volocopter,smartrecruiters,Volocopter,TRUE,,,1,verified_empty
Veeam,https://jobs.smartrecruiters.com/Veeam,smartrecruiters,Veeam,TRUE,,,3,verified_empty
IFS,https://jobs.smartrecruiters.com/IFS,smartrecruiters,IFS,TRUE,,,2,verified_empty
Unit4,https://jobs.smartrecruiters.com/Unit4,smartrecruiters,Unit4,TRUE,,,3,verified_empty
Statkraft,https://jobs.smartrecruiters.com/Statkraft,smartrecruiters,Statkraft,TRUE,,,1,verified_empty
Ramboll,https://jobs.smartrecruiters.com/Ramboll,smartrecruiters,Ramboll,TRUE,,,1,verified_empty
Talan,https://jobs.smartrecruiters.com/Talan,smartrecruiters,Talan,TRUE,,,2,verified
Sopra Steria 1,https://jobs.smartrecruiters.com/SopraSteria1,smartrecruiters,SopraSteria1,TRUE,,,2,verified
Believe,https://jobs.smartrecruiters.com/Believe,smartrecruiters,Believe,TRUE,,,3,verified
Gameloft,https://jobs.smartrecruiters.com/Gameloft,smartrecruiters,Gameloft,TRUE,,,3,verified
Deezer,https://jobs.smartrecruiters.com/Deezer,smartrecruiters,Deezer,TRUE,,,3,verified_empty
Dailymotion,https://jobs.smartrecruiters.com/Dailymotion,smartrecruiters,Dailymotion,TRUE,,,3,verified
Sia Partners,https://jobs.smartrecruiters.com/SiaPartners,smartrecruiters,SiaPartners,TRUE,,,2,verified_empty
Konecranes,https://jobs.smartrecruiters.com/Konecranes,smartrecruiters,Konecranes,TRUE,,,1,verified
KION Group,https://jobs.smartrecruiters.com/KIONGroup,smartrecruiters,KIONGroup,TRUE,,,1,verified_empty
STMicroelectronics,https://jobs.smartrecruiters.com/STMicroelectronics,smartrecruiters,STMicroelectronics,TRUE,,,1,verified_empty
Hitachi Solutions,https://jobs.smartrecruiters.com/HitachiSolutions,smartrecruiters,HitachiSolutions,TRUE,,,2,verified
Cielo,https://jobs.smartrecruiters.com/Cielo,smartrecruiters,Cielo,TRUE,,,3,verified_empty
Nexans,https://jobs.smartrecruiters.com/Nexans,smartrecruiters,Nexans,TRUE,,,1,verified_empty
Tractebel,https://jobs.smartrecruiters.com/Tractebel,smartrecruiters,Tractebel,TRUE,,,1,verified_empty
COWI,https://jobs.smartrecruiters.com/COWI,smartrecruiters,COWI,TRUE,,,1,verified_empty
Arcadis,https://jobs.smartrecruiters.com/Arcadis,smartrecruiters,Arcadis,TRUE,,,1,verified_empty
Rambus,https://jobs.smartrecruiters.com/Rambus,smartrecruiters,Rambus,TRUE,,,1,verified_empty
OpenX,https://jobs.smartrecruiters.com/OpenX,smartrecruiters,OpenX,TRUE,,,3,verified_empty
NinjaOne,https://jobs.smartrecruiters.com/NinjaOne,smartrecruiters,NinjaOne,TRUE,,,3,verified_empty
Forto,https://jobs.smartrecruiters.com/Forto,smartrecruiters,Forto,TRUE,,,3,verified_empty
Celonis,https://jobs.smartrecruiters.com/Celonis,smartrecruiters,Celonis,TRUE,,,3,verified_empty
DHL,https://jobs.smartrecruiters.com/DHL,smartrecruiters,DHL,TRUE,,,3,verified_empty
Toll Group,https://jobs.smartrecruiters.com/TollGroup,smartrecruiters,TollGroup,TRUE,,,3,verified_empty
foodpanda,https://jobs.smartrecruiters.com/foodpanda,smartrecruiters,foodpanda,TRUE,,,3,verified_empty
Grab,https://jobs.smartrecruiters.com/Grab,smartrecruiters,Grab,TRUE,,,3,verified
OLX,https://jobs.smartrecruiters.com/OLX,smartrecruiters,OLX,TRUE,,,3,verified_empty
Booking.com,https://jobs.smartrecruiters.com/Bookingcom,smartrecruiters,Bookingcom,TRUE,,,3,verified_empty
Red Bull,https://jobs.smartrecruiters.com/RedBull,smartrecruiters,RedBull,TRUE,,,3,verified
Fender,https://jobs.smartrecruiters.com/Fender,smartrecruiters,Fender,TRUE,,,3,verified_empty
Mattel,https://jobs.smartrecruiters.com/Mattel,smartrecruiters,Mattel,TRUE,,,3,verified_empty
Lego,https://jobs.smartrecruiters.com/Lego,smartrecruiters,Lego,TRUE,,,3,verified_empty
IKEA,https://jobs.smartrecruiters.com/IKEA,smartrecruiters,IKEA,TRUE,,,3,verified_empty
Zalando,https://jobs.smartrecruiters.com/Zalando,smartrecruiters,Zalando,TRUE,,,3,verified_empty
ASML,https://jobs.smartrecruiters.com/ASML,smartrecruiters,ASML,TRUE,,,1,verified_empty
Rivian,https://jobs.smartrecruiters.com/Rivian,smartrecruiters,Rivian,TRUE,,,1,verified_empty
Lucid Motors,https://jobs.smartrecruiters.com/LucidMotors,smartrecruiters,LucidMotors,TRUE,,,1,verified_empty
Lucid,https://jobs.smartrecruiters.com/Lucid,smartrecruiters,Lucid,TRUE,,,1,verified_empty
Polestar,https://jobs.smartrecruiters.com/Polestar,smartrecruiters,Polestar,TRUE,,,1,verified_empty
Northvolt,https://jobs.smartrecruiters.com/Northvolt,smartrecruiters,Northvolt,TRUE,,,1,verified_empty
Arrival,https://jobs.smartrecruiters.com/Arrival,smartrecruiters,Arrival,TRUE,,,1,verified_empty
Proterra,https://jobs.smartrecruiters.com/Proterra,smartrecruiters,Proterra,TRUE,,,1,verified_empty
ChargePoint,https://jobs.smartrecruiters.com/ChargePoint,smartrecruiters,ChargePoint,TRUE,,,1,verified_empty
Enphase Energy,https://jobs.smartrecruiters.com/EnphaseEnergy,smartrecruiters,EnphaseEnergy,TRUE,,,1,verified_empty
Fluence,https://jobs.smartrecruiters.com/Fluence,smartrecruiters,Fluence,TRUE,,,1,verified_empty
Nextracker,https://jobs.smartrecruiters.com/Nextracker,smartrecruiters,Nextracker,TRUE,,,1,verified_empty
FormFactor,https://jobs.smartrecruiters.com/FormFactor,smartrecruiters,FormFactor,TRUE,,,1,verified_empty
Lam Research,https://jobs.smartrecruiters.com/LamResearch,smartrecruiters,LamResearch,TRUE,,,1,verified_empty
Applied Materials,https://jobs.smartrecruiters.com/AppliedMaterials,smartrecruiters,AppliedMaterials,TRUE,,,1,verified_empty
GEA,https://jobs.smartrecruiters.com/GEA,smartrecruiters,GEA,TRUE,,,1,verified_empty
Sulzer,https://jobs.smartrecruiters.com/Sulzer,smartrecruiters,Sulzer,TRUE,,,1,verified_empty
Eaton,https://jobs.smartrecruiters.com/Eaton,smartrecruiters,Eaton,TRUE,,,1,verified_empty
Schneider Electric,https://jobs.smartrecruiters.com/SchneiderElectric,smartrecruiters,SchneiderElectric,TRUE,,,1,verified_empty
Johnson Controls,https://jobs.smartrecruiters.com/JohnsonControls,smartrecruiters,JohnsonControls,TRUE,,,1,verified_empty
Rockwell Automation,https://jobs.smartrecruiters.com/RockwellAutomation,smartrecruiters,RockwellAutomation,TRUE,,,1,verified_empty
Emerson,https://jobs.smartrecruiters.com/Emerson,smartrecruiters,Emerson,TRUE,,,1,verified_empty
Honeywell,https://jobs.smartrecruiters.com/Honeywell,smartrecruiters,Honeywell,TRUE,,,1,verified_empty
Siemens,https://jobs.smartrecruiters.com/Siemens,smartrecruiters,Siemens,TRUE,,,1,verified_empty
ABB,https://jobs.smartrecruiters.com/ABB,smartrecruiters,ABB,TRUE,,,1,verified_empty
Hitachi Rail,https://jobs.smartrecruiters.com/HitachiRail,smartrecruiters,HitachiRail,TRUE,,,1,verified_empty
Alstom,https://jobs.smartrecruiters.com/Alstom,smartrecruiters,Alstom,TRUE,,,1,verified_empty
Thales,https://jobs.smartrecruiters.com/Thales,smartrecruiters,Thales,TRUE,,,1,verified
Safran,https://jobs.smartrecruiters.com/Safran,smartrecruiters,Safran,TRUE,,,1,verified_empty
Airbus,https://jobs.smartrecruiters.com/Airbus,smartrecruiters,Airbus,TRUE,,,1,verified_empty
Collins Aerospace,https://jobs.smartrecruiters.com/CollinsAerospace,smartrecruiters,CollinsAerospace,TRUE,,,1,verified_empty
RTX,https://jobs.smartrecruiters.com/RTX,smartrecruiters,RTX,TRUE,,,1,verified_empty
Raytheon,https://jobs.smartrecruiters.com/Raytheon,smartrecruiters,Raytheon,TRUE,,,1,verified_empty
